City,StopName,StopAddress,Stop City,Stop State,Note
GF Motels,Holiday Inn Express & Suites,4051 32nd Ave S, Grand Forks, ND 58201,
GF Motels,Best Western Harvest Inn & Suites,3350 32nd Ave S, Grand Forks, ND 58201,
GF Motels,C'mon Inn Hotel & Suites,3051 32nd Ave S, Grand Forks, ND 58201,
GF Motels,Meg-A-Latte,2990 32nd Ave S Suite 300, Grand Forks, ND 58201,
GF Motels,Rodeway Inn Columbia Mall Loop,3300 30th Ave S, Grand Forks, ND 58201,
GF Motels,Quality Inn,3251 30th Ave S, Grand Forks, ND 58201,
GF Motels,Days Inn,3101 S 34th St, Grand Forks, ND 58201,
GF Motels,AmeriVu Inn,3051 S 34th St, Grand Forks, ND 58201,
GF Motels,Country Inn & Suites By Radisson,3101 S 42nd St, Grand Forks, ND 58201,
GF Motels,Hampton Inn & Suites Grand Forks,2985 S 42nd St, Grand Forks, ND 58201,
GF Motels,SpringHill Suites by Marriott Grand Forks,2837 S 42nd St, Grand Forks, ND 58201,
GF Motels,Sleep Inn & Suites,1350 S 42nd St, Grand Forks, ND 58201,
GF Motels,Canad Inn Destination Centre,1000 S 42nd St, Grand Forks, ND 58201,
GF Motels,Grand Forks Lodge,4040 11th Ave S, Grand Forks, ND 58201,
GF Motels,La Quinta Inn & Suites,4051 Garden View Dr, Grand Forks, ND 58201,
GF Motels,Baymont by Wyndham Grand Forks,951 S 42nd St, Grand Forks, ND 58201,
GF Motels,Hilton Garden Inn Grand Forks,4301 James Ray Dr, Grand Forks, ND 58203,
GF Motels,Speedway 805 Grill & Bar,805 N 42nd St, Grand Forks, ND 58203,
GF Motels,Stay Inn,1000 N 42nd St, Grand Forks, ND 58203,
GF Motels,Ramada by Wyndham Grand Forks,1205 N 43rd St, Grand Forks, ND 58203,
GF Motels,Grand Forks International Airport,2301 Airport Dr, Grand Forks, ND 58203,
GF Motels,Roadhouse Cafe,4720 Gateway Dr, Grand Forks, ND 58203,
GF Motels,Long Haul Saloon,4720 Gateway Dr, Grand Forks, ND 58203,
GF Motels,Knights Inn Grand Forks,1211 N 47th St, Grand Forks, ND 58203,
GF Motels,True North Equipment,5101 Gateway Dr, Grand Forks, ND 58203,
Rugby,Heart of America Medical Center,2975 US-2, Rugby, ND 58368,Back of the building there is garage door.
Rugby,Dakota Farms Restaurant Rugby,308 US-2, Rugby, ND 58368,
Rugby,Envision Convenience Store (Cenex),401 2nd St SW, Rugby, ND 58368,
Rugby,Rugby High School (Public School),1123 South Main Avenue, Rugby, ND 58368,
Rugby,MJ McGuire Company,520 3rd Ave SW, Rugby, ND 58368,
Rugby,Growing Place,1320 ND-3, Rugby, ND 58368,
Rugby,Rugby Farmers Elevator,105 E Dewey St, Rugby, ND 58368,
Rugby,Rugby Dental Office,901 6th Ave SE, Rugby, ND 58368,
Rugby,B&M Laundry,209 West Dewey Street, Rugby, ND 58368,
Rugby,Heart of America Correctional and Treatment Center,110 Industrial Rd, Rugby, ND 58368,
Rugby,Four Seasons Inn,1007 11th Street East, Bottineau, ND 58318,
Rugby,AgCountry Farm Credit Services,2974 US-2, Rugby, ND 58368,
Rugby,Farmer's Union Oil [Gas Station],226 11th St E, Bottineau, ND 58318,
Rugby,Bottineau Winter Park,1 Winter Park Rd, Bottineau, ND 58318,Door code: 2223
Rugby,Metigoshe Coffee House,80 Twin Oaks Shr, Bottineau, ND 58318,
Rugby,A Frame Bar and Grill,71 Twin Oaks Shr, Bottineau, ND 58318,
Rugby,Dunseith Elementary School,101 2nd Ave SW, Dunseith, ND 58329,
Rugby,Legacy Cooperative - Cenex,2988 US-281, Dunseith, ND 58329,
Rugby,Wagon Wheel Lounge,504 1st Ave, Rolette, ND 58366,
Rugby,Rolette Community Care Center,804 State St, Rolette, ND 58366,
Rugby,Meat Shack,8693 County Rd 15, Rolette, ND 58366,
Rugby,Sky Dancer Casino & Resort,3965 Sky Dancer Way NE, Belcourt, ND 58316,
Rugby,Dynaband LLC,1114 Chief Little Shell Street, Belcourt, ND 58316,
Rugby,McCloud Office Complex (Kalix Thrift Store),916 Chief Little Shell St, Belcourt, ND 58316,
Rugby,Homestead Meats and Eats,302 11th St E, Bottineau, ND 58318,
Rugby,Dunseith Community Nursing Home,15 1st St W, Dunseith, ND 58329,
Rugby,Marie's,605 Main St, Bottineau, ND 58318,
Rugby,North Central Electric Co-Op,538 11th St W #1, Bottineau, ND 58318,
Rugby,Legacy Cooperative,17 Front St NE, Rolla, ND 58367,
Rugby,ARCO (Highway 281 Gas & Go LLC),19 Main Ave W, Rolla, ND 58367,
Rugby,SMP Health - St. Kateri,213 2nd Ave NE, Rolla, ND 58367,
Rugby,Dunseith High School,310 3rd Ave S SW, Dunseith, ND 58329,
Rugby,Heart of America Medical Ctr,2975 US-2, Rugby, ND 58368,
Rugby,A & C Tires Truck Repair,101 Industrial Rd, Rugby, ND 58368,
Rugby,Rugby Veterinary Services,107 Industrial Rd, Rugby, ND 58368,
Rugby,Envision Convenience Store (Cenex),401 2nd St SW, Rugby, ND 58368,
Rugby,Salesperson House,603 S Main Ave, Rugby, ND 58368,
Rugby,Little Flower School,306 3rd Ave SE, Rugby, ND 58368,
Rugby,Leevers Foods,215 2nd Ave SE, Rugby, ND 58368,
Rugby,3rd St Station,104 3rd St SE, Rugby, ND 58368,Door Code: 1194* or 1194check
Rugby,Lyric Theatre,220 S Main Ave, Rugby, ND 58368,Door Key is in Nodak Insurance
Rugby,Merchant Bank,210 S Main Ave, Rugby, ND 58368,
Rugby,Backroads Bar,121 S Main Ave, Rugby, ND 58368,Call the number to access the backdoor
Rugby,Senior Meals & Services Office,125 S Main Ave, Rugby, ND 58368,
Rugby,Rugby Service Center & Harper Oil,120 S Main Ave, Rugby, ND 58368,this is a Gas Station
Rugby,Rugby Municipal Airport - KRUG,North Pierce, Rugby, ND 58368,
Rugby,Solid Ground Coffee,123 2nd St SE, Rugby, ND 58368,
Rugby,Denny's Pizza Inn,307 11th St E, Bottineau, ND 58318,
Rugby,Mattern Family Meats,1401 Sinclair St, Bottineau, ND 58318,
Rugby,Turtle Mountain Inn & Bottle Shop,345 11th St W, Bottineau, ND 58318,
Rugby,Bottineau Senior Citizens,799 Main St, Bottineau, ND 58318,
Rugby,EDC Building,519 Main St Suite 7, Bottineau, ND 58318,
Rugby,Botno Theater LLC,511 Main St, Bottineau, ND 58318,
Rugby,Onarheim's Dario,305 Main St, Bottineau, ND 58318,
Rugby,Stadium II Sports Bar,502 Thompson St, Bottineau, ND 58318,You can leave it in Hair Saloon
Rugby,Community Arena,403 7th St E, Bottineau, ND 58318,
Rugby,Brewed Awakening coffee shop,217 Main St, Dunseith, ND 58329,
Rugby,Garden Tap,10 Main St, Dunseith, ND 58329,
Rugby,Legacy Cooperative,2988 US-281, Dunseith, ND 58329,
Rugby,Rolette City Bar & Grill,106 Main St, Rolette, ND 58366,Call before leaving the Rugby
Rugby,Little Shell Home for Youth,151 John Norquay St, Belcourt, ND 58316,
Rugby,West Side C Store,221 Main Ave W, Rolla, ND 58367,
Rugby,Neameyer's Body Shop,15 1st St SW, Rolla, ND 58367,
Rugby,Leevers Foods,202 Main Ave E, Rolla, ND 58367,
Rugby,SMP Health - St. Kateri,213 2nd Ave NE, Rolla, ND 58367,
Rugby,Rolla Community Day Care,111 6th Ave NE, Rolla, ND 58367,
Rugby,Blue Goose Smokehouse,508 Main Ave E, Rolla, ND 58367,
Rugby,Heartview Foundation - Cando,7448 68th Ave NE, Cando, ND 58324,
Rugby,Towner Cnty Medical Ctr,228 1st Ave, Cando, ND 58324,
Rugby,Cando Cenex - Legacy Cooperative,101 9th St, Cando, ND 58324,
Rugby,K & E Meats,425 8th Ave, Cando, ND 58324,
Rugby,Reid Place,211 Main St, Dunseith, ND 58329,
Rugby,Bully Brew Coffee,10 Main St, Dunseith, ND 58329,
Rugby,AG Country Farm Credit Services,1308 ND-5, Bottineau, ND 58318,
Rugby,First National Bank & Trust Co,424 Main St, Bottineau, ND 58318,
Rugby,Grace Lutherian Brethren Church,615 10th St E, Bottineau, ND 58318,
Rugby,Starion Bank,101 1st St SE, Rolla, ND 58367,
Rugby,Rugby Auto Connection,1603 S Main Ave, Rugby, ND 58368,
Rugby,North Star Community Credit Union,241 US-2, Rugby, ND 58368,
Rugby,International Music Camp (Peace Garden),10834 Peace Garden Drive, Dunseith, ND 58329,
Rugby,Pierce County Auditor,240 2nd St SE #6, Rugby, ND 58329,
Rugby,First United Bank,415 Main St, Cando, ND 58324,
Rugby,Solrise (Arco Gas Station),209 US-2, Rugby, ND 58368,
Rugby,Rollete Country Club,8475 40th Ave NE, Rolette, ND 58366,
Rugby,Rolla American Legion,302 1st St NE, Rolla, ND 58367,
Rugby,Rugby Park Dist,306 1st St NE, Rugby, ND 58368,
Rugby,Schaans Farms,519 1st St NE, Rugby, ND 58368,
Rugby,North Star Community Credit Union,612 Main St, Bottineau, ND 58318,
Rugby,La Bella Vita Salon,101 US-2,Rugby,ND 58368,
Rugby,Rolette Public School,901 3rd Ave,Rolette,ND 58366,
Rugby,Cobblestone Inn,1109 11th St E,Bottineau,ND 58318,
Grand Forks,Country Inn & Suites By Radisson,3101 S 42nd St, Grand Forks, ND 58201,
Grand Forks,Hugo's Family Marketplace,1315 S Columbia Rd, Grand Forks, ND 58201,
Grand Forks,Jeanifer Bennett,2320 S Washington St, Grand Forks, ND 58201,
Grand Forks,Northside Cafe II,2950 10th Ave N, Grand Forks, ND 58203,
Grand Forks,Happy Harry's,2702 Gateway Dr, Grand Forks, ND 58203,
Grand Forks,JL Beers,2531 S Columbia Rd, Grand Forks, ND 58201,
Grand Forks,Icon Sports Center,1060 47th Ave S, Grand Forks, ND 58201,
Grand Forks,Choice Health & Fitness,4401 S 11th St, Grand Forks, ND 58201,
Grand Forks,Gate City Bank,3205 S Washington St, Grand Forks, ND 58201,
Grand Forks,Happy Harry's,2051 32nd Ave S, Grand Forks, ND 58201,
Grand Forks,Faith Evangilical Free Church,2315 Library Circle, Grand Forks, ND 58201,
Grand Forks,Grand Forks Growth & Support Center,2105 Gateway Dr, Grand Forks, ND 58203,
Grand Forks,The Rock Bottle Shop,1730 13th Ave N Ste 2, Grand Forks, ND 58203,
Grand Forks,Strive Life Grand Forks,1809 13th Ave N, Grand Forks, ND 58203,
Grand Forks,Hugo's Family Marketplace #3,1925 13th Ave N, Grand Forks, ND 58203,
Grand Forks,Gate City Bank,2850 24 Ave South, Grand Forks, ND 58201,
Grand Forks,Hugo's Family Marketplace #5,306 14th Street NE, East Grand Forks, MN 56721,
Grand Forks,East Grand Inn,606 Gateway Dr NE, East Grand Forks, MN 56721,
Grand Forks,River Cinema 15,211 Demers Ave #4, East Grand Forks, MN 56721,
Grand Forks,Diamond Cleaning Supply,975 1 Ave N, Grand Forks, ND 58203 56721,
Grand Forks,Development Homes,3880 S Columbia Rd, Grand Forks, ND 58201,
Grand Forks,Grand Forks International Airport,2301 Airport Dr, Grand Forks, ND 58203,
Grand Forks,Valley Senior Living on Columbia & Corporate Office,2900 14th Ave S, Grand Forks, ND 58201,
Grand Forks,North Dakota Surgery Center,2600 47th Ave S, Grand Forks, ND 58201,
Grand Forks,Grand Forks Park District (Purpur & Gambucci Arenas),1122 S 7th, Grand Forks, ND 58201,
Grand Forks,UND Facilities Mgmt,3791 Campus Rd, Grand Forks, ND 58202,
Grand Forks,Altru Health System(Altru Home Health),2401 Demers Ave, Grand Forks, ND 58201,
Grand Forks,Ralph Engelstad Arena,1 Ralph Engelstad Arena Drive, Grand Forks, ND 58203,
Grand Forks,Altru Business Center (Altru Hospital),1200 S Columbia Rd, Grand Forks, ND 58201,
Grand Forks,Vital Nutrition,2100 S Columbia Rd #110, Grand Forks, ND 58201,
Grand Forks,Grand Forks Country Club,794 Co Rd 6, Grand Forks, ND 58201,
Grand Forks,Amazon Jansan Consumables (WND4 Amazon),1150 S 46th St, Grand Forks, ND 58201,
Grand Forks,Valley Dairy #208 (Petro Serve USA #208/Marathon Gas Station),1149 36th Ave S, Grand Forks, ND 58201,
Grand Forks,HP Properties,3425 S Washington St, Grand Forks, ND 58201,
Grand Forks,Helix Wine & Bites,4491 S Washington St, Grand Forks, ND 58201,
Grand Forks,TNT Outfitters,211 Demers Ave, East Grand Forks, MN 56721,
Grand Forks,Legacy Outdoor Service LLC(Fert-L-Lawn Lawn Care),1222 Gateway Dr NE, East Grand Forks, MN 56721,
Grand Forks,Broken Drum,1503 N Washington St, Grand Forks, ND 58203,
Grand Forks,SU Nutrition UND,2855 10th Ave N, Grand Forks, ND 58203,
Grand Forks,Douglas Place Treatment Center (EOSIS Northern Plains),1111 Gateway Dr NE, East Grand Forks, MN 56721,
Grand Forks,Eastside Express,122 4th St NE, East Grand Forks, MN 56721,
Grand Forks,Hatton Prairie Village,950 Dakota Ave, Hatton, ND 58240,
Grand Forks,Gate City Bank,11 1st St SE, Mayville, ND 58257,
Grand Forks,H E Everson Co,54 2nd Ave SE, Mayville, ND 58257,
Grand Forks,Mayville City Of (United States Postal Service),37 1st Ave NE, Mayville, ND 58257,
Grand Forks,Mayville State University,330 3rd St NE, Mayville, ND 58257,
Grand Forks,Cenex Convenience Store,819 3rd St SE, Mayville, ND 58257,
Grand Forks,Best Western Harvest Inn & Suites,3350 32nd Ave S, Grand Forks, ND 58201,
Grand Forks,Sublime Nutrition,4571 S Washington St suite o, Grand Forks, ND 58201,
Grand Forks,Early Morning Espresso,1823 S Washington St, Grand Forks, ND 58201,
Grand Forks,Valley Dairy #203 (Marathon Gas Station),1220 University Ave, Grand Forks, ND 58203,
Grand Forks,Runnings,1508 N Washington St, Grand Forks, ND 58201,
Grand Forks,Valley Dairy #206 (Marathon Gas Station),307 1st Ave S, Grand Forks, ND 58201,
Grand Forks,Little Bangkok,4088 S Washington St #201, Grand Forks, ND 58201,
Grand Forks,Dakota Supply Group,715 S 48th St, Grand Forks, ND 58201,
Grand Forks,Hatton Ampride (Hatton AM Pride),1604 ND-18 N, Hatton, ND 58240,
Grand Forks,Luther Memorial Home,750 Main St E, Mayville, ND 58257,
Grand Forks,Arthur Farmers Elevator,429 Main St, Arthur, ND 58006,
Grand Forks,Short or Tall Grand Forks LLC,2600 Red Jarrett Way, Grand Forks, ND 58203,
Grand Forks,Fargo Sunset Hotel LLC (AmericInn),1820 S Columbia Rd, Grand Forks, ND 58201,
Grand Forks,Maple View - GF,4650 S Washington St, Grand Forks, ND 58201,
Grand Forks,Southgate Casino Bar & Grill,2525 S Washington St, Grand Forks, ND 58201,
Grand Forks,Creative Kids Corner,2301 S Washington St, Grand Forks, ND 58201,
Grand Forks,Mexican Village,1218 S Washington St, Grand Forks, ND 58201,
Grand Forks,St. Mary's Catholic Church,216 Belmont Rd, Grand Forks, ND 58201,
Grand Forks,ND DOT -  Grand Forks District,1951 N Washington St, Grand Forks, ND 58203,
Grand Forks,"Edgewood Corporate Plaza (Skies 322, Olive Ann)",322 Demers Ave, Grand Forks, ND 58201,
Grand Forks,Harry's Steakhouse,421 Demers Ave, Grand Forks, ND 58201,
Grand Forks,Gate City Bank,2850 24th Ave S, Grand Forks, ND 58201,
Grand Forks,Gate City Bank,501 Demers Ave, Grand Forks, ND 58201,
Grand Forks,Fairfield by Mariott Inn & Suites East Grand Forks,514 Gateway Dr NE, East Grand Forks, MN 56721,
Grand Forks,Perkins Restaurant,1305 S Columbia Rd, Grand Forks, ND 58201,
Grand Forks,Jiffy Lube,1780 S Columbia Rd, Grand Forks, ND 58201,
Grand Forks,Northridge,214 N 4th St Ste 701, Grand Forks, ND 58203,
Grand Forks,North Dakota Eye Clinic,1820 S 42nd St, Grand Forks, ND 58201,
Grand Forks,Grand Forks Park District,1210 7th Ave S, Grand Forks, ND 58201,
Grand Forks,Ironworks Gym,1311 S Washington St Grand Forks, Grand Forks, ND 58201,
Grand Forks,Surly Brewing Co Pizza,2600 Jarret Way STE 2, Grand Forks, ND 58203,
Grand Forks,Carpet Garage,3000 Gateway Dr, Grand Forks, ND 58203,
Grand Forks,Krav Nutrition,1909 S Washington St, Grand Forks, ND 58201,
Grand Forks,Linde Gas & Equip,2205 N Washington St, Grand Forks, ND 58203,
Grand Forks,Westchase Office Park,3535 31 St S, Grand Forks, ND 58201,
Grand Forks,Simonsons State Stores-Office,3105 S Washington St Suite B, Grand Forks, ND 58201,
Grand Forks,Egeland Trucking,2403 Bacon Rd, Grand Forks, ND 58203,
Grand Forks,Folson Farm Corporation,306 7th Ave NE, East Grand Forks, MN 56721,
Grand Forks,Butler Machinery,1201 S 46 ST, Grand Forks, ND 58201,
Grand Forks,Job Service,1501 28th Ave S, Grand Forks, ND 58201,
Grand Forks,El Way Child Care & Learning Center,624 N Washington St, Grand Forks, ND 58203,
Grand Forks,Police Dept,122 5 St S, Grand Forks, ND 58201,
Grand Forks,Minnkota Power Cooperative Inc,5301 32nd Ave S, Grand Forks, ND 58201,
Grand Forks,RDO Truck Center,5315 Gateway Dr, Grand Forks, ND 58203,
Grand Forks,Hope Beginnings,1601 17th Ave S, Grand Forks, ND 58201,
Grand Forks,The Deuce Bar & Grill,910 South Washington Street, Grand Forks, ND 58201,
Grand Forks,Face & Jaw Surgery Center,2845 36 Ave S, Grand Forks, ND 58201,
Grand Forks,The Kegs II,901 N 5th St, Grand Forks, ND 58203,
Grand Forks,Forks Freightliner,4200 Gateway Dr, Grand Forks, ND 58203,
Grand Forks,Knick Knack Paddy Whack Card,211 Demers Ave Po Box 498, East Grand Forks, MN 56721,
Grand Forks,Holy Family Elementary,1018 18th Ave S,Grand Forks,ND 58201,
Grand Forks,M&K Porta Potties,2105 Central Ave NW,East Grand Forks,MN 56721,
Grand Forks,River Cinema,211 Demers Ave Ave,East Grand Forks,MN 56721,# door 4
Aberdeen,Harr Motors,4255 6th Ave SE,Aberdeen,SD 57401,
Aberdeen,Angelhouse / Jennifer Pockat,1717 East Melgaard Road,Aberdeen,SD 57401,
Aberdeen,Pantorium Cleaners,215 1st Ave SW,Aberdeen,SD 57401,
Aberdeen,Quality Inn,2923 6th Ave SE,Aberdeen,SD 57401,
Aberdeen,TownePlace Suites By Marriott,402 Norwood Street S,Aberdeen,SD 57401,
Aberdeen,Sanford Medical Center,2905 3rd Ave SE,Aberdeen,SD 57401,
Aberdeen,Hampton Inn & Suites Aberdeen,3216 7th Ave SE,Aberdeen,SD 57401,
Aberdeen,Holiday Inn Express & Suites,3310 7th Ave SE,Aberdeen,SD 57401,
Aberdeen,AmericInn by Wyndgam Aberdeen,301 Centennial St S,Aberdeen,SD 57401,
Aberdeen,Aberdeen Regional Airport,4760 6th Avenue SE,Aberdeen,SD 57401,
Aberdeen,Dacotah Bank,308 S Main St,Aberdeen,SD 57401,
Aberdeen,Enemy Swim Day School,13525 446th Avenue,Waubay,SD 57273,
Aberdeen,Dacotah Bank (Webster),600 Main Street,Webster,SD 57274,
Aberdeen,Tommy's Express Car Wash,515 South 2nd Street,Aberdeen,SD 57401,
Aberdeen,Ryan's Candy,217 1st Ave SW,Aberdeen,SD 57401,
Aberdeen,Best Western Ramkota Hotel,1400 8th Avenue Northwest,Aberdeen,SD 57401,
Aberdeen,Avera Mother Joseph Manor Retirement,1002 N Jay St,Aberdeen,SD 57401,
Aberdeen,Avera St Lukes Therapy Center,805 1st Ave SE,Aberdeen,SD 57401,
Aberdeen,Avera St. Luke's Behavioral Health,305 S State St,Aberdeen,SD 57401,
Aberdeen,Americal Inc.,500 South Boyd Street,Aberdeen,SD 57401,
Aberdeen,Ken's SuperFair Foods & Shell Express,2105 6th Ave SE,Aberdeen,SD 57401,
Aberdeen,Bryana Rombs (Saleslady),612 Kettering Dr,Aberdeen,SD 57401,
Aberdeen,Twist Cone,503 N 3rd St,Aberdeen,SD 57401,
Aberdeen,Avera State St Medical Square,105 S State St,Aberdeen,SD 57401,
Aberdeen,Tiffany Foods (Aberdeen Public Safety Building),114 2nd Ave SE,Aberdeen,SD 57401,
Aberdeen,Aberdeen Ride Line,205 N 4th St,Aberdeen,SD 57401,
Aberdeen,Groton Ford LLC,1320 N Broadway,Aberdeen,SD 57401,
Aberdeen,Beauty Brew Coffee & Boutique,100 N Main St,Aberdeen,SD 57401,
Aberdeen,Avera Home Medical Equipment,701 8th Ave NW,Aberdeen,SD 57401,
Aberdeen,Montgomery's Furniture,3502 7th Ave SE,Aberdeen,SD 57401,
Aberdeen,Titan Case Machinery,4411 6th Ave SE,Aberdeen,SD 57401,
Aberdeen,District Warehouse,1302 4th St,Aberdeen,SD 57401,
Aberdeen,Cornerstone Bank,3307 7th Ave SE Ste 108,Aberdeen,SD 57401,
Aberdeen,Tri State Water,412 5th Ave SW,Aberdeen,SD 57401,
Aberdeen,Aberdeen School District,1224 S 3rd St,Aberdeen,SD 57401,
Aberdeen,Butler Machinery,4950 E Hwy 12,Aberdeen,SD 57401,
Alexandria,VIE Church,2671 S McKay Ave,Alexandria,MN 56308,
Alexandria,The Oaks Childcare & Preschool,2671 S McKay Ave,Alexandria,MN 56308,
Alexandria,Alexandria Area YMCA,110 Karl Dr,Alexandria,MN 56308,
Alexandria,Alex Assisted Living,90 E Lake Cowdry Rd,Alexandria,MN 56308,
Alexandria,Lake Darling Resort,2301 County Rd 22 NW,Alexandria,MN 56308,
Alexandria,Henry's Food Inc,234 McKay Ave N,Alexandria,MN 56308,
Alexandria,Nelson Care Center by Vivie,420 12th Ave E,Alexandria,MN 56308,
Alexandria,Arrowwood Resort & Conference Center,2100 Arrowwood Ln,Alexandria,MN 56308,
Alexandria,Gathered Oaks,4550 County Rd 34 NW,Alexandria,MN 56308,
Alexandria,Lake Country Meats,1700 N Nokomis NE,Alexandria,MN 56308,
Alexandria,MN-SOTA RESTAURANT SERVICES,1415 Ridgeview Terrace Northeast,Alexandria,MN 56308,
Alexandria,Alexandria Light & Power,1015 34th Ave E,Alexandria,MN 56803,
Alexandria,Hampton Inn & Suites Alexandria,2705 S Broadway St,Alexandria,MN 56803,
Alexandria,Centrasota Oral Surgeons,2633 Jefferson St #602,Alexandria,MN 56308,
Alexandria,TWF Industries,2611 County Road 45 Southwest,Alexandria,MN 56308,
Alexandria,Reach Church,1310 N Nokomis NE,Alexandria,MN 56803,
Alexandria,Arabella Manor,1812 Darling Ave E #1810,Alexandria,MN 56803,
Alexandria,Alomere Health,1701 Broadway St,Alexandria,MN 56308,
Alexandria,Gate City Bank,1630 Broadway Street,Alexandria,MN 56308,
Alexandria,Juettner Motors,1900 Broadway St,Alexandria,MN 56308,
Alexandria,Relax Inn,4810 MN-29,Alexandria,MN 56308,
Alexandria,Best Western Alexandria Inn,508 Twin Blvd,Alexandria,MN 56308,
Alexandria,West Central Metal Fab Inc,103 Donna Ave,Alexandria,MN 56308,
Alexandria,Quality Inn & Suites Alexandria,5304 MN-29,Alexandria,MN 56308,
Alexandria,Kadejan Market,11535 MN-29,Alexandria,MN 56308,
Alexandria,GrandStay Hotel & Suites Glenwood,114 Minnesota Ave E,Glenwood,MN 56334,
Alexandria,Minnewaska Meats & Catering,11 1st Ave SW,Glenwood,MN 56334,
Alexandria,Pope County Courthouse,130 Minnesota Ave E,Glenwood,MN 56334,
Alexandria,Kadejan Inc.,500 12th St NE,Glenwood,MN 56334,
Alexandria,Lowry Manufacturing Co.,317 Cherry St,Glenwood,MN 56334,
Alexandria,Country Blosson Farm LLC,1951 Englund Rd SW,Alexandria,MN 56308,
Alexandria,Prairie Ridge Health,1411 Minnesota 79,Glenwood,MN 56334,
Alexandria,AgCountry Farm Credit Services,610 Industrial Park Blvd,Elbow Lake,MN 56531,
Alexandria,Lakeland Mental Health,702 34th Ave E,Alexandria,MN 56308,
Alexandria,Primewest Health,3905 Dakota Street,Alexandria,MN 56308,
Alexandria,Dakota Supply Group,3130 City RD 45 SW,Alexandria,MN 56308,
Alexandria,Solutions,2145 Nokomis St,Alexandria,MN 56308,
Alexandria,Alexandria Clinic,610 30th Ave West,Alexandria,MN 56308,
Alexandria,West Central Tool & Grinding,3610 Dakota St,Alexandria,MN 56308,
Alexandria,Force America,4010 IOwa St,Alexandria,MN 56308,
Alexandria,Central Lake Restaurant Supply,1228 N Nokomis NE,Alexandria,MN 56308,
Alexandria,Dough Hasz Kettle Korn (Massmab Automation),2800 Nevada St SW,Alexandria,MN 56308,
Alexandria,Grant County Extension Office,10 1st St NW,Elbow Lake,MN 56531,
Alexandria,Slumberland Furniture,2510 MN-29,Alexandria,MN 56308,
Alexandria,Bio Corporation,3910 Minnesota St,Alexandria,MN 56308,
Alexandria,Pope/Solid Waste Mgmt,2004 Nokomis St,Alexandria,MN 56308,
Watertown,Best Western Watertown Inn and Suites,3901 9th Ave SE,Watertown,SD 57201,
Watertown,Country Inn & Suites By Radisson,3400 8th Avenue SE,Watertown,SD 57201,
Watertown,Hampton Inn & Suites Watertown,2720 9th SE,Watertown,SD 57201,
Watertown,Holiday Inn Express & Suites Watertown,2803 8th Ave SE,Watertown,SD 57201,
Watertown,Allstate Peterbilt of Watertown,138 28th Street NE,Watertown,SD 57201,
Watertown,Watertown Wholesale,300 E Kemp Avenue # B,Watertown,SD 57201,
Watertown,Dakotah Butcher,1330 9th Avenue Southwest,Watertown,SD 57201,
Watertown,Saina LLC (AmericInn Hotel),1901 9th Ave Southwest,Watertown,SD 57201,
Watertown,Critter Mart & More,3 10th Street Northwest,Watertown,SD 57201,
Watertown,Pizza Ranch,217 10th Street Northwest,Watertown,SD 57201,
Watertown,StoneyBrook Suites Assisted Living,500 16th Ave Cir NE,Watertown,SD 57201,
Watertown,Prairie Lakes Wellness Center,1515 15th Street Northeast,Watertown,SD 57201,
Watertown,Avera Home Medical Equipment,1508 4th St NE,Watertown,SD 57201,
Watertown,Human Service Agency,123 19th St NE,Watertown,SD 57201,
Watertown,Quality Inn,800 35th St S,Watertown,SD 57201,
Watertown,My Place Hotel,3409 8th Ave SE,Watertown,SD 57201,
Watertown,Redlin Art Center,1200 33rd St SE,Watertown,SD 57201,
Watertown,Econo Lodge Watertown,920 14th St SE,Watertown,SD 57201,
Watertown,Montgomery's,100 9th Ave SE,Watertown,SD 57201,
Watertown,Senor Max's,1300 9th Ave SE #27,Watertown,SD 57201,
Watertown,The Salvation Army of Watertown,621 4th St SE,Watertown,SD 57201,
Watertown,The Gym Inc,207 E Kemp Ave,Watertown,SD 57201,
Watertown,Diversified Real Estate LLC,25 4th Street Northeast,Watertown,SD 57201,
Watertown,Doc's Bar,33 N Maple,Watertown,SD 57201,
Watertown,Duffy's Bar,22 N Broadway,Watertown,SD 57201,
Watertown,Manock Meats,107 Main St, Great Bend, ND 58075,
Watertown,Alsager Meats,1021 US-75, Breckenridge, MN 56520,
Watertown,Valley Christian Church,721 Main St, Breckenridge, MN 56520,
Watertown,Petro Serve USA #64,1025 Dakota Ave, Wahpeton, ND 58075,
Watertown,Dakota Coffee Co,1001 2nd Ave N ste a, Wahpeton, ND 58075,
Watertown,Gate City Bank,802 Dakota Ave, Wahpeton, ND 58074,
Watertown,Nielsen Appliance & Cabinetry,710 Dakota Ave, Wahpeton, ND 58075,
Watertown,Johnson Law Office,205 7th Street North, Wahpeton, ND 58075,
Watertown,Lovin Nutrition,118 6th St N B, Wahpeton, ND 58075,
Watertown,Red River Human Service,701 6th Street South, Wahpeton, ND 58075,
Watertown,Valley Senior Citizen,520 3rd Avenue South, Wahpeton, ND 58075,
Watertown,DBS Inc.,315 Dakota Avenue, Wahpeton, ND 58075,
Watertown,Breckenridge Drug,116 5th Street North, Breckenridge, MN 56520,
Watertown,Red River Valley & Western,501 Minnesota Avenue, Breckenridge, MN 56520,
Watertown,Farm City Supply Inc.,702 Minnesota Avenue, Breckenridge, MN 56520,
Watertown,Breckenridge Elementary,810 Beede Avenue, Breckenridge, MN 56520,
Watertown,Breckenridge School,710 13th Street North, Breckenridge, MN 56520,
Watertown,RDO Equipment,905 Buffalo Ave, Breckenridge, MN 56520,
Watertown,Farmers Union Oil,711 Buffalo Ave, Breckenridge, MN 56520,
Watertown,Courth House (Wilkin County LEC),300 5th Street South, Breckenridge, MN 56520,
Watertown,Benedictine Living Community,1307 7th Street North, Wahpeton, ND 58075,
Watertown,Sendca Head,1202 Westmore Avenue, Wahpeton, ND 58075,
Watertown,Chahinkapa Zoo,1004 Rj Hughes Drive, Wahpeton, ND 58075,
Watertown,Faith Church ,1589 11th Street North, Wahpeton, ND 58075,
Watertown,ComDel Innovation ,2100 15th Street North, Wahpeton, ND 58075,
Watertown,AG County Farm,1982 2 10 Drive, Wahpeton, ND 58075,
Watertown,Dakota Yeast LLC,18175 Red River Road West, Wahpeton, ND 58075,
Watertown,Abu Trailers,606 Miller St, Dwight, ND 58075,
Watertown,Richland IFC,405 Elavator Street, Dwight, ND 58075,
Watertown,Richland School District No. 44,106 Broadway, Abercrombie, ND 58001,
Watertown,Miller Electric / Smith Equipment,2601 Lockheed Ave, Watertown, SD 57201,
Watertown,Blazer Express,1020 US Highway 75 N, Breckenridge, MN 56520,
Watertown,Super 8 Watertown,503 14th Ave SE, Watertown, SD 57201,
Watertown,Dairy Queen,115 9th Ave SE, Watertown, SD 57201,
Watertown,Days Inn,2900 9th Ave SE, Watertown, SD 57201,
Watertown,Little Angels,711 W Kemp, Watertown, SD 57201,
Watertown,Heartland Precision,2200 15th St N, Wahpeton, ND 58075,
Watertown,Sanford Health Watertown Clinic,901 4th St NW, Watertown, SD 57201,
Watertown,Sportsman's Lounge,304 Dakota Ave, Wahpeton, ND 58075,
Watertown,Econo Foods ,387 11th St S #1, Wahpeton, ND 58075,
Watertown,Prairie Stop,1007 9th Ave SW,Watertown,SD 57201,
Watertown,Travel Host,1714 9 Ave SW,Watertown,SD 57201,
Watertown,Stern Arena,1026 11th St N,Wahpeton,ND 58074,
Watertown,Otter Tail Power,2111 15 St NW,Wahpeton,ND 58075,
Watertown,Taylor Meats,2930 MN-25,Watertown,MN 55388,
Watertown,Colonial Rental,1981 9 St N,Wahpeton,ND 58075,
Watertown,MINN DAK FARMERS,7525 Red River Road,Wahpeton,ND 58075,
Watertown,Harvest Church,1155 21st Ave N,Wahpeton,ND 58075,
Perham,The Salty Pickle,43974 390th St,Perham,MN 56573,
Perham,Oasis Travel Plaza,43937 Fort Thunder Rd,Perham,MN 56573,
Perham,Super 8,106 Jake St SE,Perham,MN 56573,
Perham,Landmark Liquors,913 Market Dr,Perham,MN 56573,
Perham,Grandstay Hotel & Suites,231 Market Dr,Perham,MN 56573,
Perham,Lake Area Coop Locker,457 3rd Ave SE Ste 2,Perham,MN 56573,
Perham,The Market at Perham,250 E Main St,Perham,MN 56573,
Perham,Snacks Plus,105 6th Ave SE,Perham,MN 56573,
Perham,Bongards Creameries,110 3rd Ave NE,Perham,MN 56573,
Perham,Lakes Cafe,136 W Main St,Perham,MN 56573,
Perham,United Community Bank,301 W Main St,Perham,MN 56573,
Perham,Perham Lakeside Golf,2727 450th St,Perham,MN 56573,
Perham,Kenny's Candy,609 Pinewood Lane,Perham,MN 56573,
Perham,Silvermoon Lounge & Steakhouse,1117 West Main St,Perham,MN 56573,
Perham,United Community Bank(Frazee),122 W Main Ave,Perham,MN 56573,
Perham,Ketter Meat Market,118 Main Ave W,Perham,MN 56573,
Perham,Nest,802 Jenny Ave SW,Perham,MN 56573,
Perham,Tuffy Pet,145 1 Ave N PO,Perham,MN 56573,
Perham,2019,150 6th Ave SW,Perham,MN 56573,
Perham,Countryside Barn,48174 Co Hwy 53,Perham,MN 56573,
Perham,Otter Coffee,118 E Main St,Vergas,MN 5658,
Perham,Frazee Liquor Store,105 2nd St NE,Frazee,MN 56544,
Perham,Frazee Family Foods,120 E Main Ave,Frazee,MN 56544,
Perham,Jason Homes,312 Birch Ave W,Frazee,MN 56544,
Perham,Frazee Golf Course,34482 State Hwy 87,Frazee,MN 56544,
Perham,Perham Area Community Center,620 3 Ave SE,Perham,MN 56573,
Perham,Fourway Plus,715 1st St NE,Perham,MN 56573,
Perham,Karvonen's,151 W Main St,Perham,MN 56573,
Perham,KLN Enterprises,109 Lakeside dr,Perham,MN 56573,
Perham,Oasis (Dent),112 Main St,Dent,MN 56528,
Perham,Hornets Hive,300 2nd St NW,Frazee,MN 56544,
Perham,Heart O' Lakes VFW,120 Main St,Frazee,MN 56544,
Perham,Ketter Meat Market,118 W Main,Frazee,MN 56544,
Perham,Daggett Truck Lines,32717 Cty Rd 10,Frazee,MN 56544,
Perham,Frazee-Vergas Public school,305 N Lake St,Frazee,MN 56544,
Perham,Crane Johnson,620 E Main St,Perham,MN 56573,
Perham,Industrial Finishing,710 1st Street NE,Perham,MN 56573,
Perham,City of Vergas,111 E Main St,Vergas,MN 56587,
